user_id	question_id	post_type	answer_id
12318014	58686285	question	na
2001654	58684685	answer	58685553
12317340	58684685	question	na
347767	58685624	answer	58686280
11642562	58685624	question	na
11676690	58686271	question	na
11392720	58685993	answer	58686268
12317813	58685993	question	na
12317894	58686208	question	na
11958101	58686261	question	na
12104401	58686257	question	na
6520041	58686175	answer	58686236
8431111	58686175	answer	58686241
7149485	58686175	question	na
2001654	58683669	answer	58686237
12307683	58683669	question	na
9753808	58686226	question	na
11306246	58683064	question	na
631911	58650448	question	na
3109549	47881339	answer	47881489
7114428	47881339	answer	47890144
8600836	47881339	answer	47892226
10275600	47881339	answer	58686209
9116544	47881339	question	na
6101336	58685974	answer	58686003
8302635	58685974	answer	58686006
858675	58685974	answer	58686024
10430394	58685974	answer	58686037
12139163	58685974	question	na
699285	58686202	question	na
5161044	58686201	question	na
8302635	58686115	answer	58686184
12317855	58686115	question	na
7348030	58683725	answer	58683844
6789321	58683725	answer	58684000
11063912	58683725	question	na
8686430	58685566	answer	58685613
6423998	58685566	answer	58686172
12317667	58685566	question	na
4092588	58686081	answer	58686150
12317878	58686081	question	na
858675	58685551	answer	58685977
12178196	58685551	answer	58686163
12178196	58685551	question	na
12317953	58686155	question	na
12316996	58683653	question	na
10640534	58676687	answer	58676840
355230	58676687	answer	58685383
10728	58676687	question	na
9177877	58685642	answer	58685871
10189214	58685642	answer	58686142
11852936	58685642	question	na
12317884	58686139	question	na
12317918	58686136	question	na
3051961	32290096	answer	32290192
5075502	32290096	answer	46354672
5272880	32290096	answer	50159769
12317938	32290096	answer	58686132
1209451	32290096	question	na
12288368	58684191	answer	58686126
8371133	58684191	question	na
12304637	58686121	question	na
1551688	49149241	answer	50447213
3638250	49149241	answer	58686117
9455354	49149241	question	na
11728042	58686105	question	na
33006	280243	answer	280284
4960	280243	answer	280286
11527	280243	answer	280572
9493	280243	answer	281294
11527	280243	answer	282238
4279	280243	answer	283630
130427	280243	answer	3538133
user201788280243	280243	answer	6658636
Y Lan280243	280243	answer	8367288
176611	280243	answer	15182629
2617240	280243	answer	17850004
407226	280243	answer	19008675
962910	280243	answer	20658095
1244663	280243	answer	24342598
1084684	280243	answer	24987486
1827883	280243	answer	26088052
4199342	280243	answer	26658719
4201899	280243	answer	26671637
1261030	280243	answer	40072598
1410185	280243	answer	40889052
3875597	280243	answer	41977119
587088	280243	answer	42824275
5064004	280243	answer	42993060
2452792	280243	answer	44469829
8441618	280243	answer	45598670
8779792	280243	answer	46755929
6553328	280243	answer	57751171
9652688	280243	answer	58677862
15055	280243	question	na
11421621	58685596	question	na
11111375	58685575	question	na
7851272	58686028	answer	58686072
7978569	58686028	question	na
12317852	58680923	answer	58686065
11423609	58680923	question	na
12271804	58686044	question	na
225020	58674433	answer	58674686
4045964	58674433	answer	58674958
12313374	58674433	question	na
8960403	58686042	question	na
3940406	29079253	answer	40426618
5771269	29079253	answer	40951848
4676379	29079253	question	na
7723070	58685636	question	na
12132563	58686018	question	na
12317823	58686016	question	na
10852841	58685853	answer	58686000
10309712	58685853	question	na
49529	58685917	answer	58685988
6636745	58685917	question	na
5229017	58685981	question	na
12316458	58682075	question	na
8303325	58348690	answer	58685970
12134768	58348690	question	na
9201100	58685967	question	na
6836881	58685957	question	na
4190159	58685954	question	na
858675	58685645	answer	58685953
11595321	58685645	question	na
12308707	58685945	question	na
3706723	58685689	answer	58685764
6101336	58685689	answer	58685915
12109095	58685689	question	na
10667884	58685940	question	na
12317831	58685936	question	na
11297032	58685934	question	na
1572562	16344756	answer	16344851
1401034	16344756	answer	16373705
2253687	16344756	answer	19825140
451710	16344756	answer	40150705
470184	16344756	answer	50832759
6813490	16344756	answer	52358706
640694	16344756	question	na
9341242	58685805	answer	58685865
10987432	58685805	answer	58685881
858675	58685805	answer	58685907
12317720	58685805	question	na
10430394	58685759	answer	58685903
8186068	58685759	question	na
8481155	58652274	answer	58685896
8481155	58652274	question	na
5363824	57981975	answer	57982147
5136580	57981975	answer	58685893
8534816	57981975	question	na
9341242	58684933	answer	58685030
6423998	58684933	answer	58685741
1944468	58684933	question	na
11852936	58685890	question	na
8796337	58685875	question	na
12317786	58685867	question	na
8964748	58685846	question	na
3224008	33388555	answer	33388653
1161429	33388555	answer	38729245
1928792	33388555	answer	42940558
1292855	33388555	answer	43935748
3043524	33388555	answer	50996364
4733584	33388555	answer	51412461
10965163	33388555	answer	54358353
3904501	33388555	answer	58685836
1474043	33388555	question	na
7411395	58652538	question	na
7883	390250	answer	390280
28835	390250	answer	390335
3594	390250	answer	390511
22893	390250	answer	390640
33786	390250	answer	390662
75033	390250	answer	12494556
78234	390250	answer	25176504
Aaron Hall390250	390250	answer	30880440
1804173	390250	answer	55181949
733092	390250	answer	58636387
38140	390250	question	na
8222873	58684815	answer	58684979
901925	58684815	answer	58685083
7207392	58684815	answer	58685430
2880366	58684815	question	na
2142577	58685769	question	na
11939660	55779099	answer	58685746
10492052	55779099	question	na
8302635	58685733	question	na
908494	21004221	answer	21004672
2071317	21004221	answer	21013677
3174619	21004221	question	na
10971439	58684924	answer	58685731
7065314	58684924	question	na
7381252	58685633	answer	58685709
8414388	58685633	question	na
8300135	58685447	answer	58685694
11815537	58685447	question	na
6160292	58685687	question	na
7207392	58666001	answer	58667390
4045774	58666001	answer	58685680
8767800	58666001	question	na
8360067	58685672	question	na
2663156	58680491	answer	58681185
6664872	58680491	answer	58685670
12315833	58680491	question	na
2401769	58685506	answer	58685646
11416822	58685506	question	na
724357	15093952	answer	15094074
1931666	15093952	question	na
454638	3878555	answer	3878566
459338	3878555	answer	3878584
147019	3878555	answer	3878622
392132	3878555	answer	3878659
131527	3878555	answer	3878698
84270	3878555	answer	3878738
6899	3878555	answer	3885121
3011683	3878555	answer	45785833
Brian from Chicago3878555	3878555	answer	47746077
724176	3878555	answer	54344552
NSchrading3878555	3878555	question	na
8577640	58685664	question	na
10526677	58684166	answer	58684255
3799759	58684166	answer	58684256
12027225	58684166	question	na
1428102	58684686	answer	58684767
10569027	58684686	answer	58685203
12317339	58684686	question	na
1091116	58649679	question	na
8268531	45137395	answer	45138688
216074	45137395	answer	45138817
5585424	45137395	answer	45138843
681484	45137395	answer	54455987
2654459	45137395	answer	55069640
30038	45137395	answer	57292808
12317361	45137395	answer	58684715
7589661	45137395	question	na
11058849	58685587	question	na
12317696	58685628	question	na
11928099	58376139	answer	58377073
12317444	58376139	answer	58684859
11506172	58376139	question	na
12317663	58685565	question	na
341510	33281839	answer	33282491
7378293	33281839	answer	58685622
5398820	33281839	question	na
9177877	58685335	answer	58685607
2899125	58685335	question	na
10189214	58685307	answer	58685388
7207392	58685307	answer	58685603
11239328	58685307	question	na
12317655	58685601	question	na
12202977	58683386	answer	58683454
7586785	58683386	question	na
9209726	58685544	question	na
6256836	36869394	answer	36870375
3147629	36869394	answer	36875425
740987	36869394	answer	49820087
741539	36869394	answer	58685540
5556018	36869394	question	na
10676716	58685518	answer	58685531
12309149	58685518	question	na
48087	384076	answer	384125
99834	384076	answer	1336640
240142	384076	answer	2205909
174541	384076	answer	2532931
62398	384076	answer	2666796
3233	384076	answer	4672282
3233	384076	answer	4691726
ABC384076	384076	answer	7995762
2215679	384076	answer	16630038
788200	384076	answer	16847935
315168	384076	answer	20698959
122400	384076	answer	23964880
1974655	384076	answer	26183545
4285493	384076	answer	28266098
474563	384076	answer	29948976
3804199	384076	answer	30649849
4510888	384076	answer	31991678
10176	384076	answer	32093299
427158	384076	answer	37895226
3811044	384076	answer	42518044
469294	384076	answer	45394501
7798639	384076	answer	46482050
4548106	384076	answer	47435836
8634200	384076	answer	48868213
9150146	384076	answer	56944256
4063232	384076	answer	58259329
48087	384076	question	na
12317633	58685451	question	na
12032253	58684899	question	na
10027582	58685517	question	na
9780196	58685293	question	na
51292	58685407	answer	58685476
8474894	58685407	answer	58685507
9988487	58685407	question	na
5044850	58685479	question	na
11751534	58685149	question	na
147204	58685406	answer	58685449
12317603	58685406	question	na
11609700	57998238	answer	58685472
11029121	57998238	question	na
9952503	58683920	question	na
12287476	58685402	question	na
2301287	58685426	answer	58685434
12317194	58685426	question	na
4492008	58684384	answer	58685177
147204	58684384	answer	58685431
10937345	58684384	question	na
5268612	56207824	answer	56207847
1972661	56207824	answer	58685427
10940555	56207824	question	na
6655172	58392710	answer	58685425
4453678	58392710	question	na
4276409	58685420	question	na
12317599	58685418	question	na
51292	58685412	question	na
8426944	58685411	question	na
5265393	58675412	question	na
12208654	58681335	question	na
8021286	54639084	answer	54639128
6610330	54639084	answer	56724482
4707189	54639084	answer	58208501
6471283	54639084	question	na
5890809	56665639	answer	58683903
6449401	56665639	question	na
12317608	58685390	question	na
1730895	58685294	answer	58685384
12169334	58685294	question	na
1832058	58684668	answer	58685382
12211350	58684668	question	na
3000206	58685320	answer	58685329
2605148	58685320	question	na
858675	58679742	answer	58685346
1182517	58679742	question	na
9517585	58685330	question	na
95810	2339386	answer	2339801
165216	2339386	answer	2340659
5075502	2339386	answer	58685318
272398	2339386	question	na
4997431	58684038	question	na
12277392	58685308	question	na
11274776	58684822	answer	58685255
11274776	58684822	question	na
5898318	58685299	question	na
12317539	58685286	question	na
8222873	58684996	answer	58685102
4028009	58684996	answer	58685125
3180151	58684996	answer	58685184
12268505	58684996	answer	58685285
12317475	58684996	question	na
12317404	58685266	question	na
3476569	58683785	answer	58685264
3476569	58683785	question	na
1358308	58685200	answer	58685261
11751382	58685200	question	na
5709763	58668832	answer	58685249
5709763	58668832	question	na
1795924	26984731	answer	30795136
12316752	26984731	answer	58685235
4263403	26984731	question	na
1861357	38134362	answer	38134849
269612	38134362	answer	42534344
6521116	38134362	answer	43423418
930293	38134362	answer	52531619
1510222	38134362	answer	57135051
2183715	38134362	answer	58685225
4117496	38134362	question	na
5287638	58684526	answer	58685220
5572951	58684526	question	na
11720790	58683862	answer	58685217
11720790	58683862	question	na
11807911	58684270	question	na
8222873	58684762	answer	58684828
11484610	58684762	answer	58685215
11484610	58684762	question	na
7697591	58685214	question	na
5613916	58685213	question	na
2301287	58685191	answer	58685211
12148940	58685191	question	na
808990	46692520	answer	58685212
1325846	46692520	question	na
10761474	58679603	answer	58679659
8844422	58679603	answer	58679711
11301900	58679603	answer	58685206
12315514	58679603	question	na
12245094	58685179	question	na
2097240	50658584	answer	50658818
8501250	50658584	answer	50659377
4120578	50658584	question	na
6118986	58685155	question	na
4004541	58685188	question	na
12305778	58685088	question	na
12317503	58685181	question	na
3301113	58685086	answer	58685152
11529732	58685086	question	na
12069178	58684976	answer	58685145
9986939	58684976	question	na
3364687	58685016	answer	58685104
10189214	58685016	answer	58685124
11740475	58685016	question	na
5217224	58684689	question	na
2836621	58684534	answer	58685017
9430938	58684534	question	na
12317436	58685063	question	na
4028009	58684950	answer	58685019
1247758	58684950	answer	58685028
788833	58684950	answer	58685071
12317405	58684950	question	na
12317470	58685067	question	na
4237080	58685039	question	na
12215965	58684197	question	na
113962	43868262	answer	43869348
7974073	43868262	answer	50079646
7985575	43868262	question	na
1726083	58684023	answer	58684110
12317107	58684023	question	na
1718096	46551551	answer	46551552
11050878	46551551	answer	54650938
805417	46551551	answer	57413766
10613478	46551551	answer	58684998
1718096	46551551	question	na
10317629	58599124	answer	58602544
11599733	58599124	answer	58684992
11599733	58599124	question	na
2469283	58682138	answer	58683177
10491422	58682138	answer	58683688
12316432	58682138	question	na
6849682	58684397	answer	58684458
3185459	58684397	answer	58684467
10815175	58684397	answer	58684524
564653	58684397	question	na
7218537	58684915	question	na
1019129	58684042	question	na
12246753	58684968	question	na
1832058	58684766	answer	58684965
12317382	58684766	question	na
2836621	58679682	answer	58684791
12315516	58679682	question	na
6494397	48115573	answer	48115723
9176651	48115573	answer	48115826
5839247	48115573	question	na
3890632	47327110	answer	47327206
5839247	47327110	question	na
12209793	58684105	question	na
4909087	58683978	answer	58684173
9081267	58683978	answer	58684225
12124607	58683978	question	na
9341242	58666522	answer	58667314
12310314	58666522	question	na
5495304	38234115	answer	38235149
3445711	38234115	answer	53227439
5839247	38234115	question	na
11827367	58683310	question	na
4459820	58684937	question	na
4767610	58672417	answer	58684936
4767610	58672417	question	na
11823305	58682893	answer	58682921
11884237	58682893	answer	58684919
5817128	58682893	question	na
3832970	58641090	answer	58643177
11727742	58641090	question	na
12317024	58683723	question	na
299831	58684902	question	na
1247758	58681882	answer	58682035
1487475	58681882	question	na
67579	58684876	answer	58684894
8932735	58684876	question	na
550094	58684847	answer	58684886
12103811	58684847	question	na
12310396	58679351	question	na
Martijn Pieters14256745	14256745	answer	14256849
29503	14256745	answer	14256860
1452759	14256745	question	na
7348030	58485175	answer	58485502
3700626	58485175	answer	58485505
1452759	58485175	answer	58485521
1452759	58485175	question	na
11884237	58681890	answer	58681961
11500447	58681890	answer	58682700
5084082	58681890	question	na
3706723	58684564	answer	58684674
12317299	58684564	question	na
11401308	58684826	question	na
10847623	58684760	question	na
4434679	44320567	answer	44321361
2836621	44320567	answer	58679581
5181947	44320567	question	na
49376	3046217	answer	3046247
8014	3046217	answer	3046259
164230	3046217	question	na
748925	22258491	answer	22259008
541038	22258491	answer	22259015
1868691	22258491	answer	22262470
2643104	22258491	answer	27877488
359416	22258491	answer	36091388
209882	22258491	answer	37754402
3393459	22258491	answer	48589768
3476147	22258491	answer	49887708
5675325	22258491	answer	58684810
2537640	22258491	question	na
2236185	26649266	answer	26768801
2236185	26649266	question	na
9284423	57701023	answer	57702897
9874393	57701023	answer	57704013
11487730	57701023	question	na
788833	58676120	answer	58676149
12197595	58676120	answer	58676325
11014963	58676120	answer	58677401
9440895	58676120	question	na
12316246	58683355	question	na
8147165	58683087	answer	58683150
11220884	58683087	answer	58683154
693140	58683087	answer	58683169
7352626	58683087	answer	58683216
12150884	58683087	answer	58683363
12316556	58683087	answer	58683445
1342784	58683087	answer	58683511
11301900	58683087	answer	58683845
12299770	58683087	question	na
3185459	58684683	answer	58684706
8644445	58684683	answer	58684770
11852936	58684683	question	na
11919301	58683558	question	na
550094	58684619	answer	58684688
8150685	58684619	answer	58684712
8728746	58684619	question	na
12315925	58680617	question	na
12062404	58684208	answer	58684572
11729210	58684208	question	na
11884237	58682545	answer	58682688
8727339	58682545	answer	58682722
2538939	58682545	answer	58682959
12298746	58682545	answer	58683913
6067379	58682545	answer	58683927
10893993	58682545	question	na
10054731	58684725	question	na
61539	3874422	answer	3875424
76452	3874422	answer	5357996
1922258	3874422	answer	42460562
876497	3874422	answer	58684713
71522	3874422	question	na
4410652	57745933	answer	57746400
10335793	57745933	question	na
8132393	58684693	question	na
505088	7139111	answer	7139148
159388	7139111	answer	7139161
697529	7139111	answer	7205939
62721	7139111	answer	32274131
1766716	7139111	answer	33830760
258772	7139111	answer	58684597
697529	7139111	question	na
901925	58684096	answer	58684605
11767172	58684096	question	na
10177977	58675550	question	na
6631196	58684337	answer	58684649
2538642	58684337	question	na
1832058	58673204	answer	58684640
12208062	58673204	question	na
408182	58684601	answer	58684639
12317246	58684601	question	na
10847516	58684637	question	na
9245359	58684635	question	na
11483646	58684378	answer	58684447
3799759	58684378	answer	58684455
4876561	58684378	answer	58684460
4518341	58684378	answer	58684464
12046409	58684378	answer	58684560
2824624	58684378	question	na
11702596	58684617	question	na
12308709	58684614	question	na
3180151	58684307	answer	58684410
12317194	58684307	question	na
12291108	58621993	question	na
9406886	58684596	question	na
1259561	58584359	answer	58636415
6651736	58584359	answer	58684569
6651736	58584359	question	na
3674263	58684562	question	na
2855515	58619155	answer	58684561
10305949	58619155	question	na
10426037	58681380	answer	58681685
7388477	58681380	answer	58681704
12023542	58681380	question	na
2789788	58674912	question	na
12299131	58632036	question	na
12295935	58683116	question	na
2296835	30550774	answer	30551250
7432	30550774	answer	30586290
3183939	30550774	answer	36357132
12263311	30550774	answer	58684536
821141	30550774	question	na
8395547	58684488	answer	58684529
3799759	58684488	answer	58684530
8961515	58684488	question	na
6343414	58637035	question	na
1220305	58682877	answer	58683317
7777070	58682877	answer	58683340
12245924	58682877	question	na
10133797	58675856	question	na
7633014	58684388	question	na
12315998	58680951	question	na
6289601	58682909	question	na
9132403	58684494	question	na
3853907	58638427	answer	58684476
3853907	58638427	question	na
11804213	58684468	question	na
3566606	58683522	answer	58683750
12316863	58683522	question	na
3589609	54726803	answer	54726830
4015404	54726803	answer	54726856
3311799	54726803	answer	54726913
4210656	54726803	answer	54727254
8973620	54726803	answer	54727543
11658740	54726803	answer	56630466
Sangam Prasad Yadav54726803	54726803	answer	58683838
3740094	54726803	question	na
11432434	58680838	answer	58684435
12240742	58680838	question	na
1405065	58684314	answer	58684423
12317203	58684314	question	na
8820675	58684047	question	na
8431111	58681250	answer	58684409
5858667	58681250	question	na
10855168	58684408	question	na
5986907	58683819	question	na
7804314	58684012	answer	58684264
1264304	58684012	answer	58684359
7804314	58684012	question	na
7432	58676258	answer	58684402
11564639	58676258	question	na
5509968	34977388	answer	40147524
2178809	34977388	answer	48374671
9061327	34977388	answer	49828776
4228709	34977388	answer	51875907
Massimiliano Caranzano34977388	34977388	answer	52154054
5286625	34977388	question	na
12317264	51759237	answer	58684382
6106508	51759237	question	na
9704615	58684376	question	na
8431111	58681240	answer	58684367
12252497	58681240	question	na
435129	30155551	answer	30155677
525341	30155551	answer	31885471
117242	30155551	answer	33231319
2198632	30155551	answer	38564424
1112124	30155551	answer	40123576
1114907	30155551	answer	41524439
4877388	30155551	answer	52043078
2142577	30155551	answer	58684358
435129	30155551	question	na
1305461	58675946	answer	58676090
11301900	58675946	answer	58677824
11643870	58675946	question	na
5823581	35003138	answer	35003181
5721740	35003138	answer	45795323
27302	35003138	answer	46006594
3299394	35003138	answer	48269724
7822972	35003138	answer	49291619
5770144	35003138	question	na
2436862	58681666	answer	58684348
11816060	58681666	question	na
3249782	58684015	answer	58684143
12317140	58684015	question	na
11914067	58683690	answer	58683762
11974225	58683690	question	na
11278464	56153911	question	na
12315415	58679308	question	na
12317065	58683892	question	na
12312740	58672778	question	na
10798114	58679619	answer	58679721
12315479	58679619	answer	58681016
12315479	58679619	question	na
2298785	57204610	question	na
11075914	58684260	question	na
8381946	58627212	answer	58628014
5957682	58627212	question	na
4025319	56967444	answer	56969403
10405526	56967444	question	na
11124453	57313554	question	na
4888922	58684278	question	na
11945002	57593895	question	na
12129146	58638309	answer	58638390
5771269	58638309	answer	58684258
9584441	58638309	question	na
12102753	58683846	answer	58683989
7211815	58683846	answer	58684055
12317081	58683846	question	na
39155	1871524	answer	1871557
95810	1871524	answer	1871568
213464	1871524	answer	1872081
233467	1871524	answer	6083329
614880	1871524	answer	12738863
3169961	1871524	answer	21679973
1767409	1871524	answer	21842560
4009861	1871524	answer	28246154
3322400	1871524	answer	36818582
2861681	1871524	answer	37307324
1643061	1871524	answer	38328234
6643406	1871524	answer	40906646
1664681	1871524	answer	41112670
3768804	1871524	answer	41879289
1558126	1871524	answer	47338089
9728893	1871524	answer	51098845
10382339	1871524	answer	52394083
4960010	1871524	answer	53490716
11164042	1871524	answer	55038493
7484853	1871524	answer	55038565
10857021	1871524	answer	56634427
473201	1871524	answer	57228641
8727965	1871524	answer	57805089
7758804	1871524	answer	58648286
227684	1871524	question	na
9844113	58675242	answer	58682090
4657412	58675242	answer	58683436
9844113	58675242	question	na
12313986	58683626	question	na
2248997	58432408	question	na
504554	58679512	answer	58681879
1424074	58679512	question	na
535275	58684049	answer	58684081
5675617	58684049	answer	58684200
11045306	58684049	question	na
11353147	58682965	question	na
10638589	58684195	question	na
6901690	58504305	answer	58672341
5859283	58504305	answer	58684187
2228912	58504305	question	na
1967571	58544357	answer	58684176
12269554	58544357	question	na
3874623	58684089	answer	58684138
104349	58684089	answer	58684152
12207346	58684089	question	na
4603589	58684151	question	na
12038214	58684146	question	na
2846923	55514435	answer	58683231
7034613	55514435	question	na
1126841	58683503	answer	58683563
9138713	58683503	question	na
12075658	58682225	question	na
2891324	58683675	answer	58684046
12282702	58683675	question	na
12316987	58683603	question	na
10526677	58668255	question	na
11914067	58683596	answer	58683619
12304914	58683596	question	na
10043577	58682026	answer	58684098
8853652	58682026	question	na
9081267	58683449	answer	58683533
7964527	58683449	answer	58683889
5606352	58683449	question	na
12102753	58683700	answer	58683831
4834	58683700	answer	58684027
10604049	58683700	question	na
7311767	58627702	answer	58684060
10825556	58627702	question	na
1774657	48000761	answer	48000917
1619003	48000761	answer	58684066
7803545	48000761	question	na
8873120	58683300	answer	58683561
8501277	58683300	question	na
6770881	58669209	question	na
104349	58683984	answer	58684052
3035850	58683984	question	na
11163122	58652569	question	na
12206276	58683701	question	na
1569491	58684021	answer	58684039
12317151	58684021	question	na
3799759	58683192	answer	58683908
12316845	58683192	question	na
10415970	58683980	question	na
918558	58524428	answer	58614211
842935	58524428	answer	58614958
3848833	58524428	answer	58683975
1078232	58524428	question	na
7505395	55443046	answer	55443093
11107912	55443046	question	na
2424980	58683816	answer	58683853
12312198	58683816	question	na
9910699	58683665	answer	58683880
10604811	58683665	question	na
4692271	58683876	question	na
2502999	58676580	answer	58683709
2502999	58676580	question	na
6197439	58683865	question	na
12231431	58683856	question	na
550094	58683476	answer	58683531
167107	58683476	answer	58683578
7136195	58683476	answer	58683652
12316556	58683476	answer	58683849
12022464	58683476	question	na
5406492	58683728	question	na
12310091	58681846	question	na
3107689	58683337	answer	58683625
10824296	58683337	question	na
11782420	58683836	question	na
8378737	58683834	question	na
4523977	58668588	answer	58673611
12298618	58668588	question	na
6160292	58683823	question	na
11849444	58682870	question	na
978288	58683788	question	na
10971439	58681191	answer	58683786
10147434	58681191	question	na
8431111	58682465	answer	58682558
12316599	58682465	question	na
12070327	58682820	question	na
6694620	58609104	question	na
668624	58682422	question	na
7348681	58682579	answer	58683722
7348681	58682579	question	na
353337	39697016	answer	58683716
2677702	39697016	question	na
2761682	58655399	answer	58682939
2761682	58655399	question	na
3171	41547	answer	41555
2696	41547	answer	41558
3355	41547	answer	41560
23457	41547	answer	269249
50841	41547	answer	1064621
592065	41547	answer	4815619
444966	41547	answer	11878636
11078019	41547	answer	58683713
3355	41547	question	na
8876606	58682526	answer	58683207
12315882	58682526	question	na
12102753	58683465	answer	58683693
12036408	58683465	question	na
391161	58683680	question	na
3789550	58681825	answer	58681868
12316371	58681825	question	na
3299524	39742924	answer	42661627
353337	39742924	answer	58683670
1571823	39742924	question	na
5025009	58683610	answer	58683615
10114444	58683610	question	na
1358308	58683095	answer	58683664
6359502	58683095	question	na
7252346	41430144	answer	41430668
3822090	41430144	answer	41431399
353337	41430144	answer	58683643
7248647	41430144	question	na
9081267	58683389	answer	58683639
12021183	58683389	question	na
8900683	58534190	answer	58621829
8371133	58534190	answer	58683633
10335	58534190	question	na
9546317	58676448	question	na
11594778	58679464	answer	58679580
10857616	58679464	answer	58679585
9205551	58679464	answer	58683629
12313243	58679464	question	na
3368845	26855293	answer	27109373
1940850	26855293	answer	53104729
11495760	26855293	answer	56133534
4212267	26855293	question	na
6855531	58677228	answer	58677298
7311767	58677228	answer	58683591
791672	58677228	question	na
12124947	58683612	question	na
164233	58658446	answer	58683601
7205641	58658446	question	na
4626254	56335748	answer	57500134
4626254	56335748	question	na
2722504	58683524	question	na
12285264	58683580	question	na
9251158	58683446	question	na
190597	3952543	answer	3952550
133498	3952543	question	na
5747415	58549632	answer	58683569
12075149	58549632	question	na
2692704	43913256	answer	53966251
1001643	43913256	answer	58683139
876937	43913256	question	na
4631856	28852841	answer	28853163
2956066	28852841	answer	42308688
7483026	28852841	answer	42332100
6903298	28852841	answer	46545160
5031057	28852841	answer	46696428
7245020	28852841	answer	52282109
1833854	28852841	question	na
10160787	58682789	question	na
4458464	27886606	answer	28014749
3091216	27886606	question	na
12022397	58682779	answer	58682811
5320906	58682779	answer	58682822
12150884	58682779	answer	58683077
11764496	58682779	question	na
9081267	58683101	answer	58683441
11852936	58683101	question	na
10249980	58682818	question	na
12290376	58683159	question	na
9875493	58683377	question	na
2436862	58631778	answer	58633115
5179748	58631778	answer	58683371
11006929	58631778	question	na
1199	68645	answer	68672
10739	68645	answer	68747
1943957	68645	answer	68770
10840	68645	answer	69067
14794	68645	answer	79840
14351	68645	answer	81002
27098	68645	answer	8201368
905418	68645	answer	9613563
1261677	68645	answer	15117875
2209576	68645	answer	15644143
717357	68645	answer	24553443
2437514	68645	answer	27568860
208880	68645	answer	36216964
2026508	68645	answer	41413059
5483135	68645	answer	42392246
8586227	68645	answer	46335281
6136001	68645	answer	53775598
5387972	68645	answer	58683325
2246	68645	question	na
4321091	58683322	question	na
11731732	56860180	answer	56862642
9328846	56860180	answer	56879016
11125723	56860180	answer	57592360
448357	56860180	answer	58683307
9328846	56860180	question	na
10257589	58491244	answer	58498002
3558626	58491244	question	na
3344403	58682834	answer	58683244
11220884	58682834	answer	58683302
12316742	58682834	question	na
1512	493046	answer	493057
34211	493046	answer	493061
5308	493046	answer	493079
12266	493046	answer	493083
7370819	493046	answer	41450045
11166996	493046	answer	55094975
6395770	493046	answer	58683295
14723	493046	question	na
901925	58682842	answer	58683255
12305357	58682842	question	na
10197418	58682979	answer	58683185
11903039	58682979	question	na
11248280	58683256	question	na
6241235	58674530	answer	58674795
12126280	58674530	question	na
6095799	58683191	question	na
7147102	19012028	answer	51907802
11942701	19012028	answer	58682777
2790793	19012028	question	na
7505585	58683156	question	na
3015488	26498715	answer	26498795
2141635	26498715	answer	26498811
4032677	26498715	question	na
3344403	58682884	answer	58683122
12316648	58682884	question	na
295783	58682773	answer	58682992
6053893	58682773	question	na
9948827	58682678	answer	58682836
8272351	58682678	answer	58683117
4391080	58682678	question	na
11672129	58682900	question	na
12215965	58683107	question	na
5320906	58682608	answer	58682682
12022397	58682608	answer	58682695
10547413	58682608	answer	58683032
11268995	58682608	question	na
2203828	58677492	question	na
3799759	58682956	answer	58683092
11546314	58682956	question	na
473232	26185687	answer	26185765
953000	26185687	answer	26187069
4141573	26185687	answer	27036431
2635902	26185687	answer	28203376
3091149	26185687	answer	30456675
4701429	26185687	answer	30635296
3134595	26185687	answer	32092365
3296948	26185687	answer	46291726
3727348	26185687	answer	48751974
5403449	26185687	answer	50642029
11568688	26185687	answer	56960449
6540994	26185687	answer	57966760
219519	26185687	answer	58651196
12150884	26185687	answer	58682769
2788600	26185687	question	na
4949165	58655994	answer	58656370
7767694	58655994	answer	58656489
5676924	58655994	answer	58656541
10796167	58655994	answer	58683076
12250142	58655994	question	na
10857565	58681689	question	na
3344403	58682881	answer	58683072
12308368	58682881	question	na
3849781	58682849	answer	58683043
3849781	58682849	question	na
4024419	58683062	question	na
4669778	58662933	question	na
8272351	58682686	answer	58682983
783412	58682686	answer	58683056
12316690	58682686	question	na
11970972	57637325	answer	57643942
11970972	57637325	question	na
1220305	58682470	answer	58683042
10979829	58682470	question	na
5676924	58682647	answer	58682709
11274776	58682647	question	na
11618797	58682814	question	na
3364687	58681854	answer	58683022
12299469	58681854	question	na
7311767	48884766	answer	48889369
928203	48884766	answer	48893024
1358677	48884766	answer	52055386
7723643	48884766	answer	52117820
6501141	48884766	answer	58568168
928203	48884766	question	na
8331	39801718	answer	39801780
1462051	39801718	answer	43292151
5006	39801718	answer	46332163
1240268	39801718	answer	52531444
462620	39801718	answer	58217918
2914540	39801718	question	na
12008247	58682978	question	na
11907366	58682977	question	na
5120049	58679355	answer	58679474
11823305	58679355	answer	58679748
5107488	58679355	answer	58681640
12023542	58679355	question	na
11631338	58682962	question	na
11730789	58682961	question	na
11914067	58682209	answer	58682340
12224236	58682209	answer	58682361
12224236	58682209	question	na
1945458	27195215	answer	27212452
3972479	27195215	answer	58682952
1945458	27195215	question	na
12313602	58682949	question	na
10389198	58582373	answer	58586533
8648710	58582373	answer	58682913
8648710	58582373	question	na
5222	58674403	question	na
12313243	58682310	question	na
12288003	58682863	question	na
1126841	58676697	answer	58676703
11813702	58676697	answer	58676709
5676924	58676697	answer	58682848
12314254	58676697	question	na
10367182	58682825	question	na
6688801	58682588	answer	58682742
3616293	58682588	question	na
1003123	25353753	answer	25353940
Martijn Pieters25353753	25353753	answer	25354290
1222951	25353753	answer	58679366
293003	25353753	question	na
10311377	58680891	answer	58682776
12196884	58680891	question	na
12316701	58682774	question	na
9574092	58682768	question	na
376728	3561691	answer	3561704
425689	3561691	answer	3561840
Chris H3561691	3561691	answer	5141611
2145699	3561691	answer	18255999
1579374	3561691	answer	18286044
1067337	3561691	answer	26537278
4495044	3561691	answer	34544032
1564659	3561691	answer	39401530
1474910	3561691	answer	48500882
2841538	3561691	answer	51665579
6729549	3561691	answer	52790059
8270512	3561691	answer	58681343
117700	3561691	question	na
9183291	58681528	question	na
438386	58677290	answer	58682764
2825403	58677290	question	na
5676924	58682416	answer	58682572
3799759	58682416	answer	58682652
9941247	58682416	question	na
2663156	58681210	answer	58681369
11805318	58681210	answer	58681553
9840637	58681210	answer	58682290
12231431	58681210	question	na
1565508	14319023	answer	14319024
1066031	14319023	answer	14319057
846892	14319023	answer	14319065
438882	14319023	answer	14319086
904887	14319023	answer	14319546
1565508	14319023	question	na
1089161	58681946	answer	58682694
10457679	58681946	question	na
12262442	58520798	question	na
3364687	58681857	answer	58681954
9815708	58681857	question	na
11805318	46256059	answer	58682684
8242299	46256059	question	na
3861775	58673109	answer	58673913
12285344	58673109	answer	58674364
9536103	58673109	question	na
10246465	58682548	question	na
10826057	58682665	question	na
7589661	58682606	question	na
1621041	58682605	question	na
901925	58674112	answer	58682600
12243098	58674112	question	na
9180069	58681549	answer	58681620
7891659	58681549	question	na
12172144	58678117	question	na
9690090	58682060	answer	58682194
4804629	58682060	answer	58682281
7207392	58682060	answer	58682308
10408579	58682060	question	na
11109203	58682484	question	na
10802322	58682304	question	na
12163726	58682570	question	na
11141829	58682230	answer	58682513
11141829	58682230	question	na
2301287	58682441	answer	58682525
6839553	58682441	question	na
12316246	58682540	question	na
8410151	45951625	answer	46064331
10754251	45951625	answer	58682523
8535595	45951625	question	na
12230044	58682519	question	na
1264304	58682263	answer	58682359
8431111	58682263	answer	58682371
8165583	58682263	question	na
5042053	58682211	question	na
8431111	58682427	answer	58682454
9958058	58682427	question	na
7870824	58680503	answer	58680982
4234503	58680503	answer	58682474
12315848	58680503	question	na
5133585	58682365	answer	58682392
6631196	58682365	answer	58682472
10559735	58682365	question	na
1220305	58682221	answer	58682360
11853632	58682221	question	na
1641119	58625742	answer	58636054
8135079	58625742	answer	58638329
10246465	58625742	answer	58642760
6026516	58625742	answer	58643013
10246465	58625742	question	na
11564403	58680930	answer	58681823
5770501	58680930	answer	58681828
8845807	58680930	question	na
11079758	58681955	answer	58682314
10987432	58681955	answer	58682398
11871723	58681955	question	na
3799759	58682383	answer	58682447
12316558	58682383	question	na
12314640	58682440	question	na
3364687	58682095	answer	58682437
3348264	58682095	question	na
11394678	58682311	answer	58682423
12003921	58682311	question	na
3276094	58682309	answer	58682408
12149534	58682309	question	na
7916681	58682403	question	na
1600108	58682396	question	na
12022464	58682382	question	na
12316479	58682291	question	na
12188603	58304841	question	na
3480329	58682381	question	na
2758823	58680109	answer	58682070
3042018	58680109	question	na
3633891	58682192	answer	58682341
9217508	58682192	question	na
1689261	41567081	answer	41568703
12076032	41567081	answer	58682324
1383802	41567081	question	na
12316422	58682078	question	na
3266110	52175161	answer	55557737
2520247	52175161	answer	58682275
9684087	52175161	question	na
4716122	58682271	question	na
12151945	58682222	question	na
5184034	58682096	question	na
11215983	58682202	question	na
570918	58681898	answer	58682112
11115526	58681898	question	na
11324221	58682113	question	na
10908375	58682086	answer	58682118
12316457	58682086	question	na
9704615	58682159	question	na
1452002	13269890	answer	13270110
1922815	13269890	answer	15606917
1457012	13269890	answer	32700453
3318335	13269890	answer	40404438
2897067	13269890	answer	46048525
1303355	13269890	answer	46744050
6342575	13269890	answer	46895930
1325646	13269890	answer	49325914
1840471	13269890	answer	58682151
1087310	13269890	question	na
5428751	58682150	question	na
12277392	58682149	question	na
Martijn Pieters14979224	14979224	answer	14979254
2036917	14979224	answer	14979268
2074467	14979224	answer	14979273
3886665	14979224	answer	25180231
4457831	14979224	answer	41854347
9134528	14979224	answer	49599402
ojass14979224	14979224	answer	52915433
1353274	14979224	question	na
12316397	58682117	question	na
11500420	58682098	question	na
1247758	58681835	answer	58681987
12305357	58681835	question	na
10569027	58681387	answer	58682081
12312565	58681387	question	na
5140781	58678297	answer	58682076
11879339	58678297	question	na
6779307	58680224	answer	58682068
12315581	58680224	question	na
11914067	58681885	answer	58682037
7692855	58681885	question	na
10191075	58682030	question	na
7388477	58681083	answer	58681244
10909217	58681083	answer	58682019
11736488	58681083	question	na
1688203	58452419	question	na
8431111	58681582	answer	58681867
12219048	58681582	question	na
11805318	58681796	answer	58681949
12300352	58681796	question	na
8431111	58681815	answer	58681970
12128466	58681815	question	na
10967204	58679526	answer	58679916
7432	58679526	answer	58681958
8031185	58679526	question	na
12295667	58620519	question	na
8396329	58681681	answer	58681873
7496598	58681681	question	na
347767	58680463	answer	58680549
11636136	58680463	question	na
11884237	58681723	answer	58681783
1247758	58681723	answer	58681797
12268505	58681723	answer	58681895
12196388	58681723	question	na
10305785	58681877	question	na
10311377	58681463	question	na
167400	58681871	question	na
12316325	58681855	question	na
6228166	58550707	answer	58556052
12242904	58550707	answer	58630058
10221214	58550707	answer	58681841
6148320	58550707	question	na
3364687	58671283	answer	58681840
4470070	58671283	question	na
Martijn Pieters19979518	19979518	answer	19979723
2183102	19979518	answer	19979730
284795	19979518	answer	31211895
8441472	19979518	answer	58681829
1984680	19979518	question	na
11198650	58681814	question	na
12268505	58680978	answer	58681215
1212401	58680978	answer	58681694
12298746	58680978	answer	58681806
11587489	58680978	question	na
12316246	58681600	question	na
3280538	58681494	answer	58681591
12034067	58681494	answer	58681747
12277928	58681494	question	na
11805318	58680851	answer	58681786
11910771	58680851	question	na
2271269	36827888	answer	36827929
6214222	36827888	answer	36828180
12278405	36827888	answer	58681777
6248499	36827888	question	na
10569027	58676477	answer	58677096
9379517	58676477	question	na
12316349	58681762	question	na
12183764	58681746	question	na
12306364	58654554	question	na
616616	58622602	answer	58681735
11028393	58622602	question	na
9477338	58678899	answer	58680140
12315213	58678899	question	na
1247758	58599565	answer	58599679
9105277	58599565	question	na
11890264	58679577	answer	58679945
11834931	58679577	answer	58681724
509263	58679577	question	na
2901002	42137529	answer	42137562
5173575	42137529	answer	42137824
2207154	42137529	answer	58679910
1087908	42137529	question	na
12258008	58681706	question	na
2714031	58681688	question	na
190597	20250771	answer	20250947
487339	20250771	answer	20250996
3877338	20250771	answer	41678874
5622715	20250771	answer	47681261
6509765	20250771	answer	48026267
4549682	20250771	answer	51751737
8708364	20250771	answer	52349969
1496362	20250771	answer	56183253
1414921	20250771	answer	58681667
1893275	20250771	question	na
616616	58642645	answer	58681664
11380243	58642645	question	na
5267448	58681560	answer	58681605
12172442	58681560	question	na
624066	56823406	answer	58681626
7301792	56823406	question	na
10606620	58681624	question	na
12315881	58680521	question	na
6640099	48817461	answer	48817562
9334808	48817461	answer	48817580
7386332	48817461	answer	48817676
9345441	48817461	answer	48817835
6184932	48817461	answer	53537319
7376038	48817461	answer	58681614
5556453	48817461	question	na
963546	51142996	answer	51826263
8463569	51142996	answer	52270692
7352688	51142996	answer	53387617
8265612	51142996	answer	58681571
9571183	51142996	question	na
10304706	58680112	question	na
4013465	58681351	question	na
11497022	58670869	answer	58670988
7767694	58670869	answer	58671938
665926	58670869	question	na
3799759	58675911	answer	58675981
125940	58675911	question	na
10954354	58636750	answer	58637582
12301032	58636750	question	na
9840637	58681281	answer	58681424
7964527	58681281	answer	58681446
9081267	58681281	answer	58681461
12316087	58681281	question	na
10750660	58680857	question	na
20862	13805939	answer	13805988
541038	13805939	answer	13805996
1157444	13805939	answer	13806054
1892342	13805939	answer	13806226
10332984	13805939	answer	52954070
6229459	13805939	answer	53613595
6142313	13805939	answer	54929670
781743	13805939	question	na
1812727	41434906	answer	41434956
8808265	41434906	answer	54909653
451007	41434906	question	na
8863373	58681521	question	na
6276824	58681479	question	na
10430574	58681382	question	na
11921489	58680471	question	na
12316267	58681491	question	na
12129146	58657112	answer	58657320
8863373	58657112	question	na
1003123	31771286	answer	31771788
1392229	31771286	answer	31772108
155268	31771286	answer	52128389
832230	31771286	answer	54357155
444966	31771286	answer	55900800
5449364	31771286	answer	57300326
631336	31771286	question	na
6890912	51057239	answer	51057412
9953960	51057239	question	na
120261	4455076	answer	4455154
1078084	4455076	answer	16121210
2091555	4455076	answer	22990906
2328380	4455076	answer	33840655
1057593	4455076	answer	35011051
2752595	4455076	answer	49149947
2945357	4455076	answer	52978954
lpl4455076	4455076	question	na
12239386	58681440	question	na
9971198	58680594	question	na
67579	58681373	answer	58681427
6896234	58681373	question	na
364696	58681405	answer	58681423
12316096	58681405	question	na
11817350	58678776	question	na
6024781	58681419	question	na
4848351	46839880	answer	46840104
7788000	46839880	answer	46840122
3990097	46839880	answer	46842781
8803758	46839880	answer	46856373
8803758	46839880	question	na
9847479	58681055	answer	58681402
9847479	58681055	question	na
11954343	58681296	question	na
1089161	58676184	answer	58680459
2329968	58676184	question	na
7203433	58681325	answer	58681395
10146042	58681325	question	na
2648811	58681293	answer	58681393
12022464	58681293	question	na
2823755	58681195	answer	58681378
11808412	58681195	question	na
20670	8011797	answer	8011836
279627	8011797	answer	8011863
736151	8011797	answer	8011875
75873	8011797	answer	28372259
1675586	8011797	answer	32141886
260480	8011797	answer	40551929
user70500058011797	8011797	answer	41303492
4531270	8011797	answer	45929388
5093068	8011797	answer	46137542
8929814	8011797	answer	48564813
10800060	8011797	answer	58615055
123839	8011797	question	na
12316092	58681073	question	na
12282823	58680993	answer	58681145
5267448	58680993	answer	58681209
4491540	58680993	answer	58681222
11588102	58680993	answer	58681372
7153835	58680993	question	na
8544766	46013022	question	na
7432	58680194	answer	58681341
4772772	58680194	question	na
11498823	58681181	question	na
6089852	58680008	answer	58680159
550094	58680008	answer	58680223
12296361	58680008	answer	58680258
7326738	58680008	answer	58680988
9440895	58680008	question	na
67579	58679944	answer	58680116
12010836	58679944	question	na
7725439	58680191	answer	58680226
5761558	58680191	answer	58680281
10311377	58680191	answer	58680308
8773779	58680191	answer	58680457
9081267	58680191	answer	58680466
11852936	58680191	question	na
7567878	58681295	question	na
6385255	58681227	answer	58681286
12316146	58681227	question	na
12074619	58681254	question	na
12282823	58680338	answer	58681241
12315825	58680338	question	na
7203433	58681168	answer	58681233
4932384	58681168	question	na
12240019	58681183	question	na
874188	55887958	answer	55893333
5320906	55887958	answer	55898249
10335	55887958	answer	56120372
2602410	55887958	question	na
12316119	58681218	question	na
8108264	58673407	question	na
11904848	57400301	answer	57422344
11944233	57400301	answer	57549290
8677101	57400301	answer	57750910
10668588	57400301	answer	57830178
12174252	57400301	answer	58262628
11395877	57400301	question	na
11419848	58680956	answer	58681135
11419848	58680956	question	na
7388477	58680095	answer	58680302
5281266	58680095	question	na
7203433	58679476	answer	58681116
11585161	58679476	question	na
12316071	58681104	question	na
11884237	58680927	answer	58680959
12314426	58680927	answer	58680990
12282823	58680927	answer	58681007
11781149	58680927	question	na
380625	9505898	answer	9506255
245361	9505898	answer	9506443
61109	9505898	answer	13706448
8520807	9505898	answer	58681090
37181	9505898	question	na
9800042	58679479	answer	58679598
8844422	58679479	answer	58679652
7326738	58679479	answer	58681032
6241235	58679479	answer	58681084
2998077	58679479	question	na
10702372	58680814	answer	58680984
355230	58680814	answer	58681012
5279093	58680814	answer	58681035
7203433	58680814	answer	58681064
11814793	58680814	question	na
12315847	58680357	question	na
1424739	58681046	question	na
7767694	58680128	answer	58680614
12230030	58680128	question	na
10558670	58675078	answer	58675258
12022464	58675078	question	na
7725439	58680434	answer	58680796
6402099	58680434	answer	58680907
12119282	58680434	answer	58681022
11542297	58680434	question	na
2033641	51030131	answer	58680991
7095915	51030131	question	na
10961971	54555399	answer	54555606
8554558	54555399	answer	54556606
10788229	54555399	question	na
8503985	58679195	question	na
5530152	58680979	question	na
1305461	58675218	answer	58675272
3574723	58675218	answer	58675886
12190354	58675218	question	na
9185092	58680767	answer	58680968
10434565	58680767	question	na
12170442	58676141	question	na
12266731	58536173	answer	58633534
7273886	58536173	answer	58680962
12266731	58536173	question	na
5572951	58627808	answer	58680957
5572951	58627808	question	na
1212401	58680815	answer	58680894
5573241	58680815	answer	58680895
550094	58680815	answer	58680899
12171300	58680815	question	na
12282101	58653034	question	na
2701402	58680872	question	na
10606620	58680858	question	na
2594171	58680801	question	na
9996163	51088335	answer	51088413
10000141	51088335	answer	51088439
8189786	51088335	answer	51088445
9473446	51088335	question	na
1199589	15451958	answer	15451996
830012	15451958	answer	15451997
1602384	15451958	answer	15452028
PythonUser15451958	15451958	answer	20727513
399741	15451958	answer	21838396
6382679	15451958	answer	38813529
2933964	15451958	answer	48596358
6169225	15451958	answer	49260553
10401370	15451958	answer	52458998
Runner15451958	15451958	answer	55541824
11638749	15451958	answer	56568941
2173836	15451958	question	na
213464	2407398	answer	2407405
56763	2407398	answer	2407425
638258	2407398	answer	5146593
2920549	2407398	answer	21825905
3718867	2407398	answer	31217379
2699253	2407398	answer	37190518
5802289	2407398	answer	50352150
9845777	2407398	answer	52271172
94250	2407398	question	na
9261921	58680794	question	na
550094	58680688	answer	58680744
12315919	58680688	question	na
7725439	58680564	answer	58680669
11901353	58680564	question	na
10077312	58670921	question	na
12296830	58680023	question	na
6900838	58678974	answer	58679155
12186949	58678974	question	na
12313043	58673793	question	na
4028706	34192290	answer	34192474
4240413	34192290	answer	56247673
1794744	34192290	question	na
10263280	58680660	question	na
9690090	58679081	answer	58679322
12315274	58679081	question	na
5144025	43698577	answer	43698682
167149	43698577	answer	43699191
3599552	43698577	answer	58680642
1244051	43698577	question	na
5875610	53024807	answer	53025021
10568124	53024807	answer	53025257
2444133	53024807	answer	53834256
Andrew Roberts53024807	53024807	answer	54100116
6194097	53024807	answer	54376870
730502	53024807	answer	56607855
10852018	53024807	answer	58162313
9417595	53024807	answer	58680587
7551257	53024807	question	na
11884237	58674625	answer	58674944
5447280	58674625	answer	58675012
3988575	58674625	question	na
11368194	58679475	question	na
2467772	58680578	question	na
4834	58680370	answer	58680425
7725439	58680370	answer	58680436
11684534	58680370	question	na
16390	990422	answer	990450
35681	990422	answer	991115
112324	990422	answer	991158
2672125	990422	answer	58675095
1670	990422	question	na
5003756	58679608	answer	58679636
11905944	58679608	question	na
5320906	58680484	answer	58680537
12315875	58680484	question	na
7598378	58483699	answer	58615417
12247886	58483699	question	na
11974558	58680552	question	na
10610632	58676388	answer	58676542
5107488	58676388	answer	58680494
5687636	58676388	question	na
10970649	58680470	question	na
10311377	58679960	answer	58680460
10798329	58679960	question	na
704848	35502927	answer	35503067
7058506	35502927	answer	40198146
9209546	35502927	answer	54535619
3725284	35502927	question	na
9209546	51080174	answer	51080352
6608664	51080174	question	na
10426037	58680235	answer	58680375
12019509	58680235	question	na
3159253	27435284	answer	27436735
3702377	27435284	answer	52498068
3654650	27435284	question	na
12315223	58678836	answer	58680354
12315223	58678836	question	na
1220305	58617902	answer	58680351
11059871	58617902	question	na
209103	58676559	answer	58680336
6719765	58676559	question	na
355230	58673445	answer	58674173
12312987	58673445	question	na
12315708	58680068	question	na
5120049	58673431	answer	58673521
8214840	58673431	answer	58674687
12312951	58673431	answer	58680151
12312951	58673431	question	na
11971890	58680200	question	na
4050592	58674641	answer	58680276
10050942	58674641	question	na
8861854	48020593	answer	48021834
119861	48020593	answer	48022433
788775	48020593	question	na
5653423	58680264	question	na
12315642	58679876	question	na
12315801	58680234	question	na
1175101	10923212	answer	10923257
1427416	10923212	answer	10923259
92560	10923212	question	na
3462671	58678764	answer	58678870
2390182	58678764	answer	58678916
5599028	58678764	answer	58678925
12315216	58678764	question	na
8472377	58680007	answer	58680062
3789550	58680007	answer	58680092
10515117	58680007	answer	58680096
12315689	58680007	question	na
12187462	58679842	question	na
9461915	52867069	answer	54507633
9633432	52867069	question	na
953482	45220221	answer	45220300
8304324	45220221	question	na
2021770	45197777	answer	45197778
225769	45197777	answer	46842054
3056882	45197777	answer	48737561
7084278	45197777	answer	49320173
2763693	45197777	answer	50415310
9201243	45197777	answer	52490597
3375521	45197777	answer	53094907
9608572	45197777	answer	55776319
D Jacobson45197777	45197777	answer	56351847
11728180	45197777	answer	58076923
1089221	45197777	answer	58680163
2021770	45197777	question	na
9636505	58680153	question	na
12315351	58679273	question	na
5320906	58679973	answer	58680122
12315663	58679973	question	na
2719898	58678924	question	na
1113207	58270147	answer	58274535
3702377	58270147	answer	58671757
3702377	58270147	question	na
894763	58649231	answer	58656598
8027363	58649231	question	na
3744747	58679681	answer	58679778
5168011	58679681	answer	58680121
10413483	58679681	question	na
12277392	58680103	question	na
11023013	58679869	answer	58679969
1220305	58679869	answer	58680004
7731997	58679869	answer	58680052
11403875	58679869	question	na
11814218	58680022	question	na
9377366	58679544	answer	58679883
11862065	58679544	question	na
4764124	58677460	answer	58679758
5612363	58677460	answer	58679853
12096879	58677460	question	na
9938912	58677535	answer	58677551
4876561	58677535	question	na
1485415	58677293	answer	58677596
10846573	58677293	question	na
9470981	58675038	question	na
9473764	58676893	answer	58676913
6089852	58676893	answer	58679952
7307684	58676893	question	na
190597	5953373	answer	5955127
747201	5953373	answer	7051075
1397555	5953373	answer	27142241
3885696	5953373	answer	47581978
3124894	5953373	answer	48207928
1112091	5953373	answer	49096368
3261764	5953373	answer	54794671
6805177	5953373	answer	58679935
747201	5953373	question	na
617648	40745093	answer	40745264
2510767	40745093	answer	40745291
1001643	40745093	answer	58679920
7150612	40745093	question	na
11383989	58679893	question	na
4098013	58670107	answer	58670293
9301734	58670107	answer	58679868
10654327	58670107	question	na
3700626	58679848	answer	58679863
12315602	58679848	question	na
6529206	58679852	question	na
11823822	58678862	answer	58679547
7388477	58678862	answer	58679825
11053428	58678862	question	na
11914067	58671008	answer	58671076
12312133	58671008	question	na
7668955	56933891	answer	56934133
11540133	56933891	answer	56934225
1001643	56933891	answer	58679808
9704382	56933891	question	na
10944855	58665874	answer	58671627
12310003	58665874	question	na
8889552	58679796	question	na
9718245	58679787	question	na
5802510	58679785	question	na
12160013	58679613	question	na
11481148	58675257	answer	58675381
7207392	58675257	answer	58679738
12313692	58675257	question	na
10216112	58678782	answer	58678845
11671754	58678782	question	na
5003756	58679498	answer	58679720
3692621	58679498	question	na
143765	58673799	answer	58679715
1918518	58673799	question	na
6180803	58678091	answer	58679702
6180803	58678091	question	na
12269636	58544638	answer	58679692
12269636	58544638	question	na
10553976	53524686	answer	53524784
1001643	53524686	answer	58679689
9253013	53524686	question	na
12309091	58663236	answer	58670310
12309091	58663236	question	na
3759710	53247985	answer	53250453
9877104	53247985	answer	55554185
6151549	53247985	answer	58679677
3759710	53247985	question	na
12315336	58679648	question	na
10857747	58679486	question	na
12315499	58679572	question	na
258755	37240621	answer	37243588
5911514	37240621	answer	37268445
2523726	37240621	answer	37275096
7716368	37240621	answer	51972779
4014817	37240621	answer	55051334
2523726	37240621	question	na
3136169	58679349	question	na
11588102	58679148	question	na
4338920	42814452	answer	42814651
1705337	42814452	answer	42814963
1231055	42814452	answer	42815176
3626961	42814452	answer	42815293
2247040	42814452	answer	49667439
9371069	42814452	answer	56849224
12102790	42814452	answer	58049735
5782927	42814452	question	na
5584786	56609726	answer	56971683
3103059	56609726	answer	58679611
8448203	56609726	question	na
991395	58679596	question	na
8844422	58679490	answer	58679593
11988770	58679490	question	na
11703357	58634650	answer	58679589
8551734	58634650	question	na
1034463	8554153	answer	8554182
972208	8554153	answer	8554208
5536814	8554153	answer	34239481
1001643	8554153	answer	58679588
1102018	8554153	question	na
2768539	45062395	answer	45062806
5025009	45062395	answer	45063568
1316501	45062395	question	na
4040643	58675259	question	na
11545069	58679549	question	na
11914067	58678062	answer	58679562
1762932	58678062	question	na
5802417	58678545	answer	58679560
12295912	58678545	question	na
3197224	58658295	answer	58659220
11654833	58658295	question	na
12092543	58679520	answer	58679559
12268160	58679520	question	na
12061220	58679521	question	na
3427777	46107077	answer	58228207
1001643	46107077	answer	58679519
2457666	46107077	question	na
4279	29217645	answer	29219921
2353652	29217645	answer	45997418
4576690	29217645	question	na
7711450	58678746	question	na
6347629	58678439	answer	58679442
11487193	58678439	question	na
1600898	48483348	answer	48484593
1113207	48483348	answer	48486557
919499	48483348	answer	57381896
4001713	48483348	question	na
12315251	58679439	question	na
3042018	58678730	answer	58679344
3042018	58678730	question	na
11455772	58679436	question	na
8708364	58679250	answer	58679280
7212686	58679250	answer	58679342
5120049	58679250	answer	58679368
4800652	58679250	answer	58679386
550094	58679250	answer	58679389
1440400	58679250	answer	58679421
10540017	58679250	question	na
12254888	58679298	question	na
5168011	58679326	answer	58679405
12315391	58679326	question	na
11401149	58678986	question	na
10971439	58679252	answer	58679369
12315371	58679252	question	na
9523932	58679352	question	na
7212686	58678555	answer	58678585
12315139	58678555	question	na
6345323	58679142	question	na
65696	23704799	answer	23704934
3702377	23704799	answer	58671732
2979872	23704799	question	na
10246622	58679304	question	na
10768275	58679323	question	na
7388477	58659946	answer	58662794
2901002	58659946	answer	58678601
12228886	58659946	question	na
12315088	58679321	question	na
2823755	58674765	answer	58675448
1993416	58674765	question	na
9724750	58679259	answer	58679293
11549866	58679259	question	na
10971439	58677662	answer	58679272
6379348	58677662	question	na
7976758	58677600	answer	58679266
6660638	58677600	question	na
4799172	58678134	answer	58679150
1055174	58678134	question	na
10462884	58674120	answer	58676700
7867665	58674120	question	na
11371048	58678397	question	na
4458034	44730943	answer	44731298
8162611	44730943	answer	44767761
8162611	44730943	question	na
643629	27100277	answer	27104682
11841149	27100277	answer	58679240
3577054	27100277	question	na
9461974	51998661	answer	52003019
9413905	51998661	answer	56257106
9235562	51998661	answer	58679236
6665916	51998661	question	na
11610186	58678968	answer	58679080
8425505	58678968	question	na
12314477	58677243	question	na
7449706	58619775	answer	58669106
2229108	58619775	question	na
319430	4219717	answer	4220278
59870	4219717	answer	4221229
572024	4219717	answer	7654776
428236	4219717	answer	12683001
33732	4219717	answer	17981937
611677	4219717	answer	31006269
733092	4219717	answer	31281467
690529	4219717	answer	39320622
434293	4219717	answer	46879182
303253	4219717	question	na
187343	52050990	answer	52477675
2444909	52050990	answer	58679188
4918398	52050990	question	na
12016897	58677566	answer	58677643
9431247	58677566	question	na
10418086	58647973	answer	58649843
12183818	58647973	question	na
1889400	18039057	answer	18039175
1948860	18039057	answer	18129082
3782487	18039057	answer	24489419
781938	18039057	answer	26599892
4447920	18039057	answer	29383624
5885544	18039057	answer	35212740
6163621	18039057	answer	38251624
1015786	18039057	answer	39835484
6466550	18039057	answer	43145539
5232550	18039057	answer	43586874
260826	18039057	answer	44644512
4593828	18039057	answer	46662211
8839930	18039057	answer	47305656
87283	18039057	answer	47771802
6639179	18039057	answer	48058800
8676757	18039057	answer	48469381
6054622	18039057	answer	50487578
6438362	18039057	answer	51330202
9907596	18039057	answer	51915301
10491129	18039057	answer	52915596
2818240	18039057	answer	53031680
2019586	18039057	answer	53385218
5161543	18039057	answer	53412670
10552975	18039057	answer	53482242
4807302	18039057	answer	54098017
992432	18039057	answer	54946484
10603896	18039057	answer	55913091
10603896	18039057	answer	55913136
5490845	18039057	answer	56540949
3426943	18039057	answer	56779592
6460656	18039057	answer	57570728
5306306	18039057	answer	57830104
12178460	18039057	answer	58379299
7435524	18039057	answer	58678908
2649671	18039057	question	na
2901002	58678832	answer	58678866
5279093	58678832	answer	58679107
12314119	58678832	question	na
8708364	58679058	answer	58679085
9681081	58679058	question	na
6285906	58679108	question	na
9539962	58679092	question	na
275002	58679043	question	na
12312987	58678981	question	na
2901002	58678971	answer	58679020
12315231	58678971	question	na
10908521	58676075	question	na
6792732	58679047	question	na
12277392	58678901	question	na
9739644	58623435	answer	58642641
5107488	58623435	answer	58665356
4469142	58623435	question	na
156427	11406380	answer	11416698
692499	11406380	question	na
5471709	58643660	answer	58679042
12303205	58643660	question	na
11288486	58679039	question	na
2444661	58678993	question	na
104349	58678922	answer	58679029
11419848	58678922	question	na
9931641	58678970	question	na
6700019	58588725	answer	58655258
11455396	58588725	answer	58679018
11455396	58588725	question	na
3847560	54407743	answer	58679006
6079108	54407743	question	na
7030193	58678964	question	na
3127653	48883972	answer	48884163
113962	48883972	answer	48885245
11388428	48883972	answer	58678963
7742798	48883972	question	na
4914935	58678942	question	na
462604	4301069	answer	4301107
143739	4301069	answer	4301173
355230	4301069	answer	4302635
355230	4301069	answer	4303996
274811	4301069	answer	4898010
Bill M.4301069	4301069	answer	9132316
2071807	4301069	answer	21292549
1639671	4301069	answer	21794911
4636182	4301069	answer	28886405
597401	4301069	answer	32188121
6726603	4301069	answer	41059108
7876742	4301069	answer	51793630
231589	4301069	answer	55542725
2444909	4301069	answer	58674746
28324	4301069	question	na
2825403	58678939	answer	58678940
Ebraheem58678939	58678939	question	na
7000400	58678818	answer	58678897
2672844	58678818	question	na
2836621	58678022	answer	58678867
5980753	58678022	question	na
5485110	58678936	question	na
8517185	58678934	question	na
5459839	44787092	answer	44788053
5097354	44787092	question	na
4003077	58673576	answer	58678929
12313065	58673576	question	na
7212686	58675561	answer	58675665
7348030	58675561	answer	58675676
3104974	58675561	answer	58675694
1150683	58675561	answer	58675718
12069656	58675561	answer	58675822
10019895	58675561	question	na
6497619	58678910	question	na
1508724	58479556	answer	58678385
1508724	58479556	question	na
9614364	58678708	question	na
9768248	58677759	question	na
3959702	58592891	answer	58593226
2749397	58592891	answer	58593318
12286262	58592891	question	na
1212401	58678712	answer	58678881
9646453	58678712	question	na
9986074	58678629	question	na
10661	4305948	answer	4306976
121495	4305948	answer	4308461
18196	4305948	answer	4308486
243483	4305948	answer	4315645
66289	4305948	answer	7854378
1888983	4305948	answer	33750585
243483	4305948	question	na
3037662	58627223	answer	58627294
8583669	58627223	question	na
7508700	58678660	answer	58678716
12197595	58678660	answer	58678721
11481148	58678660	answer	58678847
10179811	58678660	question	na
1196549	58573962	answer	58583104
4003077	58573962	answer	58678184
3601754	58573962	question	na
1884363	44689546	answer	44689597
4669778	44689546	answer	44689627
8197417	44689546	answer	44689679
416500	44689546	answer	44690120
3706308	44689546	answer	56867738
11388428	44689546	answer	58678819
7872185	44689546	question	na
12197595	58678560	answer	58678785
9814002	58678560	question	na
10069897	58678312	question	na
12092158	58677919	question	na
5080088	57650903	answer	58678720
8894647	57650903	question	na
674039	9816816	answer	9816852
464744	9816816	answer	9816853
35070	9816816	answer	9816863
455276	9816816	answer	9816913
2211268	9816816	answer	35502738
5393381	9816816	answer	45960127
8993294	9816816	answer	50466402
2153910	9816816	answer	52536170
3041840	9816816	answer	58678527
673487	9816816	question	na
3903832	26229057	answer	26247500
2781773	26229057	answer	28015362
443016	26229057	answer	28385092
6470939	26229057	answer	37843929
327694	26229057	answer	40556948
3346752	26229057	question	na
12098426	58678697	question	na
7983963	49125405	answer	49125545
10422166	49125405	answer	58678677
6427329	49125405	question	na
1497947	11783875	answer	11784778
2210043	11783875	answer	29052608
3067748	11783875	answer	31221231
6536024	11783875	answer	39798150
7655016	11783875	answer	49884772
4223667	11783875	answer	49930703
406896	11783875	answer	51779869
10505343	11783875	answer	53973524
10829961	11783875	answer	56524169
11131671	11783875	answer	57980071
10286342	11783875	answer	58264670
4470510	11783875	answer	58678662
1518662	11783875	question	na
2901002	58678235	answer	58678258
7290715	58678235	question	na
12312852	58675468	question	na
6598275	58658031	answer	58678652
7951901	58658031	question	na
5320906	58672936	answer	58678648
5606352	58672936	question	na
12315144	58678632	question	na
1692107	42422921	answer	42423305
4016285	42422921	answer	42428121
6216039	42422921	question	na
5726027	58667742	answer	58678639
812726	58667742	question	na
7644562	58678059	question	na
12312062	58670863	question	na
12305082	58678591	question	na
3047604	58678381	question	na
5234343	42947733	answer	42950477
1854182	42947733	answer	58678574
5234343	42947733	question	na
10121374	58678573	question	na
12129146	58657190	answer	58657218
12267161	58657190	answer	58657343
2901002	58657190	answer	58678564
8957025	58657190	question	na
5320906	58668414	answer	58678546
6635665	58668414	question	na
2301287	58678467	answer	58678524
11812893	58678467	question	na
7212686	58675457	answer	58675490
7348030	58675457	answer	58675535
12211146	58675457	question	na
3532981	58678005	answer	58678166
10654327	58678005	question	na
2901002	58678403	answer	58678477
10157759	58678403	question	na
1051634	58668612	answer	58678460
8957025	58668612	question	na
2988730	54780337	answer	54780442
4707773	54780337	question	na
12230199	58678492	question	na
4993128	58675700	answer	58677337
10459995	58675700	question	na
9215522	46160971	answer	58678475
1790644	46160971	question	na
12092543	58678399	answer	58678421
9750706	58678399	answer	58678470
12282595	58678399	question	na
7725439	58678355	answer	58678450
12002076	58678355	question	na
6793085	51260909	answer	51431612
2285938	51260909	question	na
3722635	58615743	answer	58615830
10738309	58615743	answer	58678441
12288216	58615743	question	na
3228768	38074069	answer	39836674
4871483	38074069	answer	39902826
3701807	38074069	answer	42353453
8544967	38074069	answer	57956558
10919379	38074069	answer	58678435
6522881	38074069	question	na
7455070	42320970	answer	42321020
6120381	42320970	answer	58678427
7577864	42320970	question	na
3276094	58676923	answer	58676963
7508700	58676923	answer	58678419
12314356	58676923	question	na
3476748	57860726	answer	57860872
8876606	57860726	answer	58678418
11622712	57860726	question	na
12312514	58671996	answer	58672202
12309212	58671996	answer	58675701
12309212	58671996	question	na
8273934	58677969	question	na
9890913	58678193	answer	58678257
9890913	58678193	question	na
7725439	58678289	answer	58678382
12070108	58678289	question	na
5766916	58678360	question	na
3532981	58673944	answer	58678374
12255756	58673944	question	na
10367381	52349669	answer	52349781
5043609	52349669	answer	52371386
8663663	52349669	answer	52455816
10068678	52349669	answer	52992689
2298563	52349669	answer	53157591
9371371	52349669	answer	53448590
Nell52349669	52349669	answer	54097428
10953776	52349669	answer	54321350
8860610	52349669	answer	55644319
9244183	52349669	answer	58578985
12313345	52349669	answer	58674272
7407809	52349669	question	na
7254633	58634251	answer	58652893
11074573	58634251	question	na
1854182	58678205	answer	58678353
12314974	58678205	question	na
2301287	58678207	answer	58678339
6888601	58678207	question	na
1779091	58677895	question	na
11766958	58676304	answer	58678336
11766958	58676304	question	na
2901002	58655098	answer	58655136
12211111	58655098	question	na
8876606	58615038	answer	58678328
850781	58615038	question	na
12299183	58660808	answer	58661695
11711953	58660808	answer	58662411
12286121	58660808	question	na
3234994	58678245	question	na
2901002	58677836	answer	58677857
7149485	58677836	question	na
10908375	58676588	answer	58676802
8876606	58676588	answer	58678221
7725439	58676588	answer	58678287
10908375	58676588	question	na
9845044	58677901	question	na
12314927	58678080	question	na
6598275	58677775	answer	58678238
6160292	58677775	question	na
7331631	58678140	answer	58678159
7725439	58678140	answer	58678231
12314852	58678140	question	na
1261752	58657655	answer	58661268
1261752	58657655	answer	58678180
12155600	58657655	question	na
5712858	58678068	answer	58678187
901925	58678068	answer	58678220
11774151	58678068	question	na
12314948	58678214	question	na
4553309	58665133	answer	58678212
11756120	58665133	question	na
7725439	58677495	answer	58678020
997358	58677495	answer	58678210
11126335	58677495	question	na
12151945	58678206	question	na
3122880	58677967	answer	58678196
12297653	58677967	question	na
279627	9483979	answer	9484008
20862	9483979	answer	9484016
592851	9483979	answer	9484021
622215	9483979	answer	9484037
user1300769483979	9483979	answer	9484042
259541	9483979	answer	9484045
5465790	9483979	answer	36952166
7024766	9483979	answer	47162698
3860454	9483979	answer	49549001
4120631	9483979	answer	58678154
641514	9483979	question	na
7725439	58677997	answer	58678101
4024419	58677997	question	na
347767	58678037	answer	58678162
12285565	58678037	question	na
693140	58672956	answer	58673011
12312807	58672956	question	na
4028009	58363920	answer	58363955
12100431	58363920	question	na
11649	365082	answer	365236
42188	365082	answer	365431
1497443	365082	answer	14743532
2134767	365082	answer	24121475
4085584	365082	answer	40016382
10583	365082	question	na
12314899	58678132	question	na
6246343	58677639	answer	58677934
5279093	58677639	answer	58677992
4243622	58677639	answer	58678128
4243622	58677639	question	na
5616096	58677682	answer	58678063
7354198	58677682	question	na
9750968	58678050	question	na
4956735	58677642	answer	58677796
5279093	58677642	answer	58677800
10018274	58677642	question	na
2823719	58544145	answer	58643520
12056564	58544145	answer	58656762
2809120	58544145	answer	58658778
5003756	58544145	answer	58658984
2055373	58544145	question	na
12313715	58675210	question	na
2550541	51648648	answer	51649258
10102827	51648648	question	na
11805318	58676335	answer	58677423
7725439	58676335	answer	58677950
10755545	58676335	question	na
10971439	58675313	answer	58677974
8425505	58675313	question	na
10189759	58677973	question	na
11343720	58677646	answer	58677715
9588952	58677646	question	na
12314856	58677964	question	na
12111049	58677937	question	na
143880	25877796	answer	26326854
3051740	25877796	answer	58677936
3884713	25877796	question	na
9477338	58677843	answer	58677921
4910495	58677843	question	na
355230	58676520	answer	58677853
4956735	58676520	answer	58677903
5014875	58676520	question	na
10738309	58674113	answer	58677902
12069725	58674113	question	na
1385880	58677587	answer	58677900
1385880	58677587	question	na
3633891	58676002	answer	58676115
355230	58676002	answer	58676171
12314000	58676002	question	na
7838021	58675847	question	na
10375433	58677872	question	na
12050605	58677694	answer	58677849
8326382	58677694	question	na
12312253	58671722	question	na
2901002	35491274	answer	35491399
6941244	35491274	answer	48167670
4509048	35491274	answer	50879945
1636598	35491274	answer	57498593
11299700	35491274	answer	58677815
2938093	35491274	question	na
2901002	58677776	answer	58677787
11747683	58677776	question	na
7434857	58672013	answer	58672125
2531843	58672013	answer	58677801
11009213	58672013	question	na
11808761	57113226	answer	57114793
11339533	57113226	answer	58275370
5970446	57113226	answer	58591716
4789373	57113226	question	na
1494637	18171739	answer	18172249
6037997	18171739	answer	47922247
9784726	18171739	answer	50318635
3545273	18171739	answer	51763708
10794700	18171739	answer	53793794
8894424	18171739	answer	53820913
5461523	18171739	answer	53827326
7191026	18171739	answer	53992404
7152067	18171739	answer	54452622
10488605	18171739	answer	56104511
7350637	18171739	answer	57223341
12180209	18171739	answer	58280224
8234087	18171739	answer	58343104
5079666	18171739	answer	58509291
10189759	18171739	answer	58677791
867549	18171739	question	na
7712747	58677779	question	na
6595282	40983237	answer	40984034
272193	40983237	answer	40986124
6207766	40983237	answer	58677185
4306044	40983237	question	na
4094231	58674325	answer	58677765
12313362	58674325	question	na
3029790	58677305	question	na
10736997	58677736	question	na
4094231	58676238	answer	58677728
11642562	58676238	question	na
6855531	58676321	answer	58677312
524743	58676321	answer	58677722
12150641	58676321	question	na
118160	2547554	answer	2547576
218196	2547554	answer	2547577
user2972502547554	2547554	answer	2547801
191191	2547554	answer	12704698
1612318	2547554	answer	46258340
2673700	2547554	answer	56556792
1340604	2547554	answer	57876585
74865	2547554	question	na
535275	58607409	answer	58607569
7994074	58607409	answer	58607598
9084663	58607409	question	na
112871	57559856	answer	57561599
5200329	57559856	answer	57562963
2166823	57559856	answer	58677687
10772277	57559856	question	na
4876561	58666135	question	na
9874393	58662446	answer	58677603
9874393	58662446	question	na
2357112	58677584	answer	58677656
12314595	58677584	question	na
2670792	19782075	answer	19782093
2593764	19782075	answer	33560303
2838606	19782075	answer	34029481
1959965	19782075	answer	44786454
3846121	19782075	answer	46964691
4419785	19782075	answer	51491746
1125449	19782075	answer	51932807
7400128	19782075	answer	52020169
10467533	19782075	answer	52684880
8018259	19782075	answer	53210260
128397	19782075	answer	53211247
10602533	19782075	answer	53984398
7150228	19782075	answer	55071056
10620658	19782075	answer	55640636
6278133	19782075	answer	58426865
2943370	19782075	question	na
1927753	58633514	question	na
12135968	58677184	answer	58677270
12314246	58677184	question	na
1458394	55133371	answer	58677637
11148746	55133371	question	na
11299809	58677214	answer	58677619
11299809	58677214	question	na
2825403	58675416	answer	58675724
12313749	58675416	question	na
846892	16430200	answer	16430216
744178	16430200	answer	16430217
390913	16430200	answer	16430754
11943133	16430200	answer	57548340
user1231435316430200	16430200	answer	58676873
2066718	16430200	question	na
9755590	58674176	answer	58675060
11359985	58674176	question	na
12314150	58676404	question	na
3950533	58677553	question	na
12314368	58676946	question	na
2892254	58676227	answer	58676476
1424739	58676227	question	na
12295975	58677206	question	na
3741834	58677522	question	na
11771772	58677453	question	na
597401	7407766	answer	7407815
302831	7407766	answer	7407818
455506	7407766	answer	7407943
1716834	7407766	answer	31051469
2575407	7407766	answer	58677484
918011	7407766	question	na
6779307	58677260	answer	58677429
12314483	58677260	question	na
11842006	58674352	answer	58677246
11842006	58674352	question	na
6301394	58677444	question	na
3633891	58675647	answer	58675835
12312869	58675647	question	na
6622587	58677019	answer	58677436
5171140	58677019	question	na
6664872	58595189	answer	58677434
8521468	58595189	question	na
548562	58677294	answer	58677427
3689720	58677294	question	na
12104401	58677420	question	na
12209793	58672256	answer	58677409
11045233	58672256	question	na
5168011	58254472	answer	58254508
1428102	58254472	answer	58254522
2877687	58254472	answer	58254778
11547576	58254472	answer	58255029
6347132	58254472	answer	58255230
11107767	58254472	question	na
12314171	58676560	question	na
10050942	58677338	question	na
28376	43530895	answer	43538133
1284786	43530895	answer	52194106
1142454	43530895	answer	58677391
7898383	43530895	question	na
7222196	58610023	question	na
1832058	58676937	answer	58677383
12168613	58676937	question	na
6484462	58677371	question	na
10037589	58676372	question	na
5875276	58673231	question	na
362754	58582171	answer	58677333
362754	58582171	question	na
10818522	58676277	answer	58677314
10818522	58676277	question	na
12258811	58677273	question	na
7434857	58673565	answer	58673632
7252805	58673565	answer	58673721
11852930	58673565	answer	58677297
11852930	58673565	question	na
13498	1707709	answer	1707755
137317	1707709	answer	1707786
190597	1707709	answer	1708706
2227919	1707709	answer	15723105
1767754	1707709	answer	58677284
164171	1707709	question	na
2467772	58676989	question	na
11884237	58677211	answer	58677267
5469184	58677211	question	na
3607203	57898998	answer	57902701
7806223	57898998	answer	57905776
5555483	57898998	answer	58399675
1270539	57898998	answer	58657444
5555483	57898998	question	na
12104401	58676883	question	na
2836621	49546179	answer	49549635
894763	49546179	answer	49550987
1727392	49546179	answer	49555197
1727392	49546179	question	na
10147489	58677205	question	na
6611672	41250560	question	na
2823755	58676969	answer	58677120
9677399	58676969	answer	58677166
11039328	58676969	question	na
7629037	58675081	question	na
11000497	58451227	question	na
8055450	46041719	answer	46041794
2553191	46041719	answer	46041799
5827215	46041719	answer	46041892
8510370	46041719	answer	46080781
7594324	46041719	answer	47676529
8726362	46041719	answer	47890662
11323252	46041719	answer	55589863
10029276	46041719	answer	58677117
4945268	46041719	question	na
10678742	58677137	question	na
8644581	58677129	question	na
4843756	58677123	question	na
12314460	58677118	question	na
458214	53581023	answer	53582239
ShuehCheng Hu53581023	53581023	answer	55761253
10843558	53581023	answer	58677115
9142137	53581023	question	na
7481509	51573824	answer	51582101
582436	51573824	answer	51699348
351903	51573824	question	na
220700	58666904	answer	58667564
2790047	58666904	answer	58668693
10908375	58666904	question	na
8483900	46183375	answer	46183493
8245488	46183375	answer	50104406
9659378	46183375	answer	50419197
6343916	46183375	answer	58677082
7511337	46183375	question	na
4323	58676965	answer	58677006
8472377	58676965	answer	58677008
2823755	58676965	answer	58677076
10908375	58676965	question	na
8805315	58655461	answer	58670322
10701477	58655461	question	na
2805357	23013220	answer	24899222
7651062	23013220	answer	42690879
4582045	23013220	answer	47039179
1454176	23013220	answer	47475019
3893587	23013220	answer	50496768
6168279	23013220	answer	55940708
4065069	23013220	answer	57251307
5506167	23013220	answer	57363501
1316677	23013220	answer	57617575
165130	23013220	answer	58126844
495455	23013220	answer	58677051
3446000	23013220	question	na
5771269	58674875	answer	58677027
10761797	58674875	question	na
